decil_local,pct_laboral,pct_jubilacion,pct_transferencias,pct_otros,periodo
1,0.5948566298986858,0.11488649073777113,0.23878331066773542,0.05147356869580762,T4 2024
2,0.6467877951089912,0.0942168530123742,0.23680904771875952,0.022186304159875082,T4 2024
3,0.7252673390346992,0.138214915221191,0.11153832102395173,0.024979424720158076,T4 2024
4,0.5793549957192813,0.23059697902799595,0.10800266680153885,0.08204535845118395,T4 2024
5,0.69041267474542,0.15747949109928935,0.08389882325342954,0.06820901090186103,T4 2024
6,0.6019138001854049,0.25416971290327184,0.07687882848679599,0.06703765842452739,T4 2024
7,0.6159459076103364,0.2999319277242907,0.038607292212624086,0.04551487245274879,T4 2024
8,0.713292853171227,0.23654144355346296,0.02593125840399966,0.024234444871310334,T4 2024
9,0.6756315158341935,0.28459159855410116,0.002111620422095932,0.037665265189609484,T4 2024
10,0.7865107638508747,0.11353209848347073,0.0545664193377743,0.04539071832788027,T4 2024
1,0.48021007978747265,0.10666084010537133,0.3466042452179294,0.06652483488922663,T4 2025
2,0.5986652238725826,0.17181557819949447,0.19741064939110314,0.032108548536819846,T4 2025
3,0.7122648797280767,0.17649808872262923,0.06985243623779717,0.0413845953114969,T4 2025
4,0.6000563979268696,0.264376535024645,0.08818473730555905,0.047382329742926346,T4 2025
5,0.6144251770814552,0.27633005259841625,0.03892794109187351,0.07031682922825512,T4 2025
6,0.7066794646683734,0.19200031680089558,0.03954943359746221,0.061770784933268826,T4 2025
7,0.7642657375562952,0.15561471749591957,0.009405271747265471,0.07071427320051966,T4 2025
8,0.7256761011401323,0.20822641494513736,0.019919056851886226,0.046178427062844155,T4 2025
9,0.6463065943006054,0.27741769907326685,0.006776479572230317,0.0694992270538974,T4 2025
10,0.8079153175845178,0.17844663080012962,0.0015155524019252217,0.012122499213427297,T4 2025
