decil_local,poblacion_ponderada,ingreso_total_ponderado,ipcf_promedio_decil,pct_ingreso_total,periodo,ipcf_promedio_decil_real
1,38596,3838397181.14,99450.64724686496,0.02901498719179909,T4 2024,99450.64724686496
2,36965,5780863683.79,156387.49313648045,0.043698366226104624,T4 2024,156387.49313648045
3,42211,8340063946.82,197580.34509535428,0.06304372298540971,T4 2024,197580.34509535428
4,37085,8219575298.26,221641.50730106514,0.06213293224913493,T4 2024,221641.50730106514
5,40909,10256867031.72,250723.97349531887,0.07753310861513149,T4 2024,250723.97349531887
6,38557,11453025340.82,297041.40210130456,0.0865750384572102,T4 2024,297041.40210130456
7,38919,13531269378.6,347677.7249826563,0.10228477908381998,T4 2024,347677.7249826563
8,40276,16054009164.13,398599.88986319397,0.12135452593676432,T4 2024,398599.88986319397
9,39369,20121987610.45,511112.4897876502,0.15210495038383368,T4 2024,511112.4897876502
10,39754,34694097336.66,872719.6593213263,0.262257588870792,T4 2024,872719.6593213263
1,39463,4304828436.25,109085.17944023515,0.0246004049057018,T4 2025,83024.77790658062
2,37320,6884148010.04,184462.70123365487,0.03934020390956418,T4 2025,140394.6427971253
3,39994,9739010308.289999,243511.7844749212,0.05565462143560883,T4 2025,185336.925945491
4,41071,11980415538.26,291700.1178023423,0.068463372592961,T4 2025,222013.08757191393
5,36615,12795741936.08,349467.2111451591,0.07312264294803038,T4 2025,265979.6476464081
6,39880,15845030972.18,397317.7274869609,0.09054813297009563,T4 2025,302398.6966169411
7,41138,19732155026.74,479657.61647965387,0.11276152127975136,T4 2025,365067.62223589956
8,40409,22840968535.34,565244.5874765522,0.13052717029931987,T4 2025,430207.9033921271
9,39174,27638724631.77,705537.4644348292,0.15794446331315998,T4 2025,536984.873564484
10,40324,43229122204.33,1072044.4947011706,0.247037466345807,T4 2025,815933.5350161043
