x_pob_acum_pct,y_ing_acum_pct,periodo,recorte
0.0,0.0,T4 2024,Nacional
0.01,0.0007291693456729229,T4 2024,Nacional
0.02,0.0021598817628311327,T4 2024,Nacional
0.03,0.0038508528808803037,T4 2024,Nacional
0.04,0.005702655562820029,T4 2024,Nacional
0.05,0.007780896224498673,T4 2024,Nacional
0.06,0.010003783525699634,T4 2024,Nacional
0.07,0.01238672029139743,T4 2024,Nacional
0.08,0.014896263216299246,T4 2024,Nacional
0.09,0.017508526053750854,T4 2024,Nacional
0.1,0.02020988060371976,T4 2024,Nacional
0.11,0.023001779608394078,T4 2024,Nacional
0.12,0.025887156864492555,T4 2024,Nacional
0.13,0.028895783193723178,T4 2024,Nacional
0.14,0.031995360652051254,T4 2024,Nacional
0.15,0.03517949627263965,T4 2024,Nacional
0.16,0.03852948250502807,T4 2024,Nacional
0.17,0.041966485535172016,T4 2024,Nacional
0.18,0.04554526275808911,T4 2024,Nacional
0.19,0.049200977877229116,T4 2024,Nacional
0.2,0.052968442852477995,T4 2024,Nacional
0.21,0.05682566608597262,T4 2024,Nacional
0.22,0.06074746589507596,T4 2024,Nacional
0.23,0.06479901943838261,T4 2024,Nacional
0.24,0.06897859697165444,T4 2024,Nacional
0.25,0.07328317679837776,T4 2024,Nacional
0.26,0.0777299009885251,T4 2024,Nacional
0.27,0.08223123108271212,T4 2024,Nacional
0.28,0.08676799590678985,T4 2024,Nacional
0.29,0.09142465862048532,T4 2024,Nacional
0.3,0.09615840358581662,T4 2024,Nacional
0.31,0.10101369381086574,T4 2024,Nacional
0.32,0.10599924083481259,T4 2024,Nacional
0.33,0.11108241161303486,T4 2024,Nacional
0.34,0.11628438332147938,T4 2024,Nacional
0.35000000000000003,0.12158760990885012,T4 2024,Nacional
0.36,0.1270292589801216,T4 2024,Nacional
0.37,0.13260434490195572,T4 2024,Nacional
0.38,0.13823633465966934,T4 2024,Nacional
0.39,0.1440173273536201,T4 2024,Nacional
0.4,0.14992424474704316,T4 2024,Nacional
0.41000000000000003,0.15594928642497508,T4 2024,Nacional
0.42,0.16208739976293762,T4 2024,Nacional
0.43,0.16835123959976564,T4 2024,Nacional
0.44,0.17474805391822076,T4 2024,Nacional
0.45,0.18132204109063282,T4 2024,Nacional
0.46,0.18807120534272,T4 2024,Nacional
0.47000000000000003,0.19482320048400054,T4 2024,Nacional
0.48,0.2016438554001453,T4 2024,Nacional
0.49,0.2086492827246385,T4 2024,Nacional
0.5,0.21581645514017858,T4 2024,Nacional
0.51,0.22309310384483352,T4 2024,Nacional
0.52,0.23046377250665645,T4 2024,Nacional
0.53,0.2379486896220288,T4 2024,Nacional
0.54,0.2455205824923402,T4 2024,Nacional
0.55,0.2533106688003095,T4 2024,Nacional
0.56,0.2611962093199316,T4 2024,Nacional
0.5700000000000001,0.26923968179359764,T4 2024,Nacional
0.58,0.27743942083378054,T4 2024,Nacional
0.59,0.28580235380053237,T4 2024,Nacional
0.6,0.294271930958373,T4 2024,Nacional
0.61,0.30295606828612465,T4 2024,Nacional
0.62,0.31188066670046183,T4 2024,Nacional
0.63,0.3208833268888358,T4 2024,Nacional
0.64,0.3299262239200454,T4 2024,Nacional
0.65,0.33924021048782677,T4 2024,Nacional
0.66,0.34884552481459363,T4 2024,Nacional
0.67,0.35868646255613496,T4 2024,Nacional
0.68,0.3688090550162883,T4 2024,Nacional
0.6900000000000001,0.3791967573205675,T4 2024,Nacional
0.7000000000000001,0.38992652750096457,T4 2024,Nacional
0.71,0.4010359529488385,T4 2024,Nacional
0.72,0.412289278184306,T4 2024,Nacional
0.73,0.4236020208729542,T4 2024,Nacional
0.74,0.43525803245999173,T4 2024,Nacional
0.75,0.44724252302913586,T4 2024,Nacional
0.76,0.45948364496399696,T4 2024,Nacional
0.77,0.47201156779624853,T4 2024,Nacional
0.78,0.4849039905374155,T4 2024,Nacional
0.79,0.4982992508315265,T4 2024,Nacional
0.8,0.5118893289532324,T4 2024,Nacional
0.81,0.5259279197907343,T4 2024,Nacional
0.8200000000000001,0.5404572502948812,T4 2024,Nacional
0.8300000000000001,0.5555087396719763,T4 2024,Nacional
0.84,0.5710771670211454,T4 2024,Nacional
0.85,0.5870629161011844,T4 2024,Nacional
0.86,0.603812110176499,T4 2024,Nacional
0.87,0.6210144929306746,T4 2024,Nacional
0.88,0.6390399905257655,T4 2024,Nacional
0.89,0.6578119185653767,T4 2024,Nacional
0.9,0.6775528124429367,T4 2024,Nacional
0.91,0.6979310138118643,T4 2024,Nacional
0.92,0.7195308186471516,T4 2024,Nacional
0.93,0.7420661819578577,T4 2024,Nacional
0.9400000000000001,0.7661554248576875,T4 2024,Nacional
0.9500000000000001,0.7925430219603098,T4 2024,Nacional
0.96,0.821265874835912,T4 2024,Nacional
0.97,0.8533524416699104,T4 2024,Nacional
0.98,0.8894600787905925,T4 2024,Nacional
0.99,0.9325141571980954,T4 2024,Nacional
1.0,1.0,T4 2024,Nacional
0.0,0.0,T4 2024,Corrientes
0.01,0.0017250455550247331,T4 2024,Corrientes
0.02,0.0037445900714138418,T4 2024,Corrientes
0.03,0.006154801205124698,T4 2024,Corrientes
0.04,0.008812779099325586,T4 2024,Corrientes
0.05,0.011658708165117724,T4 2024,Corrientes
0.06,0.014887176049675498,T4 2024,Corrientes
0.07,0.01835983450001387,T4 2024,Corrientes
0.08,0.02200390780985344,T4 2024,Corrientes
0.09,0.025787294899054982,T4 2024,Corrientes
0.1,0.029688355494362686,T4 2024,Corrientes
0.11,0.03374828141853646,T4 2024,Corrientes
0.12,0.03793490837179891,T4 2024,Corrientes
0.13,0.042215404711267175,T4 2024,Corrientes
0.14,0.04661189340461249,T4 2024,Corrientes
0.15,0.05113344198083641,T4 2024,Corrientes
0.16,0.05599231012484368,T4 2024,Corrientes
0.17,0.061028381460673436,T4 2024,Corrientes
0.18,0.06616103497569924,T4 2024,Corrientes
0.19,0.07141933867136635,T4 2024,Corrientes
0.2,0.0767450532528583,T4 2024,Corrientes
0.21,0.0822238177053892,T4 2024,Corrientes
0.22,0.08777932176664444,T4 2024,Corrientes
0.23,0.09349752844701135,T4 2024,Corrientes
0.24,0.09936203529621197,T4 2024,Corrientes
0.25,0.10529809300381568,T4 2024,Corrientes
0.26,0.11126100734509468,T4 2024,Corrientes
0.27,0.11726631896035283,T4 2024,Corrientes
0.28,0.1233861871563346,T4 2024,Corrientes
0.29,0.12956567978642583,T4 2024,Corrientes
0.3,0.135789362403497,T4 2024,Corrientes
0.31,0.1420650369379897,T4 2024,Corrientes
0.32,0.14838240652930243,T4 2024,Corrientes
0.33,0.15476853828381654,T4 2024,Corrientes
0.34,0.1612260451524561,T4 2024,Corrientes
0.35000000000000003,0.16785911568298847,T4 2024,Corrientes
0.36,0.1745408463340921,T4 2024,Corrientes
0.37,0.1812397720023403,T4 2024,Corrientes
0.38,0.18797966255750814,T4 2024,Corrientes
0.39,0.19482650265853838,T4 2024,Corrientes
0.4,0.2017956473275424,T4 2024,Corrientes
0.41000000000000003,0.20880333102967277,T4 2024,Corrientes
0.42,0.21586250666151263,T4 2024,Corrientes
0.43,0.22304641420634733,T4 2024,Corrientes
0.44,0.2303087895463576,T4 2024,Corrientes
0.45,0.2377183005519579,T4 2024,Corrientes
0.46,0.24517921940346937,T4 2024,Corrientes
0.47000000000000003,0.25284866637175296,T4 2024,Corrientes
0.48,0.260616391753394,T4 2024,Corrientes
0.49,0.268455648076657,T4 2024,Corrientes
0.5,0.27658277776829776,T4 2024,Corrientes
0.51,0.2848101367547983,T4 2024,Corrientes
0.52,0.29326150146747837,T4 2024,Corrientes
0.53,0.30195827470085573,T4 2024,Corrientes
0.54,0.3107579241074446,T4 2024,Corrientes
0.55,0.3196609793751836,T4 2024,Corrientes
0.56,0.3285650659365892,T4 2024,Corrientes
0.5700000000000001,0.3374691524979948,T4 2024,Corrientes
0.58,0.3464412281031343,T4 2024,Corrientes
0.59,0.35564947275721304,T4 2024,Corrientes
0.6,0.36501808315578776,T4 2024,Corrientes
0.61,0.3748065828463335,T4 2024,Corrientes
0.62,0.38477474986187643,T4 2024,Corrientes
0.63,0.3948579837347989,T4 2024,Corrientes
0.64,0.40500237831454444,T4 2024,Corrientes
0.65,0.41522797460972405,T4 2024,Corrientes
0.66,0.4255659327892082,T4 2024,Corrientes
0.67,0.4361083753825261,T4 2024,Corrientes
0.68,0.4468682536538699,T4 2024,Corrientes
0.6900000000000001,0.4577826726416392,T4 2024,Corrientes
0.7000000000000001,0.4688009761973036,T4 2024,Corrientes
0.71,0.47993858040564313,T4 2024,Corrientes
0.72,0.4912721123137385,T4 2024,Corrientes
0.73,0.5027292099641211,T4 2024,Corrientes
0.74,0.5143267609007924,T4 2024,Corrientes
0.75,0.5261602051392792,T4 2024,Corrientes
0.76,0.5380323205544866,T4 2024,Corrientes
0.77,0.5499444060677184,T4 2024,Corrientes
0.78,0.5620649154745767,T4 2024,Corrientes
0.79,0.5744538670824504,T4 2024,Corrientes
0.8,0.5877057023162517,T4 2024,Corrientes
0.81,0.6014613893257962,T4 2024,Corrientes
0.8200000000000001,0.6154765553551337,T4 2024,Corrientes
0.8300000000000001,0.6298273156510558,T4 2024,Corrientes
0.84,0.6445709925516798,T4 2024,Corrientes
0.85,0.6594111368206891,T4 2024,Corrientes
0.86,0.6742943780227852,T4 2024,Corrientes
0.87,0.6896468113544375,T4 2024,Corrientes
0.88,0.7056913513027688,T4 2024,Corrientes
0.89,0.7226654181708936,T4 2024,Corrientes
0.9,0.7399273129299158,T4 2024,Corrientes
0.91,0.7576930078126138,T4 2024,Corrientes
0.92,0.7762142910629818,T4 2024,Corrientes
0.93,0.795682901388036,T4 2024,Corrientes
0.9400000000000001,0.8163956475229258,T4 2024,Corrientes
0.9500000000000001,0.8385769087004713,T4 2024,Corrientes
0.96,0.8631243039781495,T4 2024,Corrientes
0.97,0.8895329431873219,T4 2024,Corrientes
0.98,0.9186145477233614,T4 2024,Corrientes
0.99,0.9529739268256786,T4 2024,Corrientes
1.0,1.0,T4 2024,Corrientes
0.0,0.0,T4 2025,Nacional
0.01,0.0005023254333351442,T4 2025,Nacional
0.02,0.0017483861522255575,T4 2025,Nacional
0.03,0.0034242418259414734,T4 2025,Nacional
0.04,0.005271742267449511,T4 2025,Nacional
0.05,0.007265078797534718,T4 2025,Nacional
0.06,0.009392857193634217,T4 2025,Nacional
0.07,0.011714095617053477,T4 2025,Nacional
0.08,0.014144965433763005,T4 2025,Nacional
0.09,0.016715116267804614,T4 2025,Nacional
0.1,0.01948591861890751,T4 2025,Nacional
0.11,0.022382940407002033,T4 2025,Nacional
0.12,0.025459344618623255,T4 2025,Nacional
0.13,0.028634604963782846,T4 2025,Nacional
0.14,0.03189342674738999,T4 2025,Nacional
0.15,0.0352400530253309,T4 2025,Nacional
0.16,0.03870866923277157,T4 2025,Nacional
0.17,0.04227926810615966,T4 2025,Nacional
0.18,0.045955930506139955,T4 2025,Nacional
0.19,0.04973521369728683,T4 2025,Nacional
0.2,0.05362915273329545,T4 2025,Nacional
0.21,0.05757456946477608,T4 2025,Nacional
0.22,0.06165475848281773,T4 2025,Nacional
0.23,0.06587615676536934,T4 2025,Nacional
0.24,0.0702130677483936,T4 2025,Nacional
0.25,0.07464580182302305,T4 2025,Nacional
0.26,0.07922887314396665,T4 2025,Nacional
0.27,0.08391843554237145,T4 2025,Nacional
0.28,0.08861656770683148,T4 2025,Nacional
0.29,0.09340164215137843,T4 2025,Nacional
0.3,0.09831718347458655,T4 2025,Nacional
0.31,0.10337281990179985,T4 2025,Nacional
0.32,0.10851216532475019,T4 2025,Nacional
0.33,0.11374061637925692,T4 2025,Nacional
0.34,0.11905228778112419,T4 2025,Nacional
0.35000000000000003,0.1245067941115624,T4 2025,Nacional
0.36,0.13006833736410672,T4 2025,Nacional
0.37,0.13574046889275868,T4 2025,Nacional
0.38,0.14155284414932792,T4 2025,Nacional
0.39,0.14746230554033932,T4 2025,Nacional
0.4,0.15350846093920642,T4 2025,Nacional
0.41000000000000003,0.15967610979025362,T4 2025,Nacional
0.42,0.1659316462548201,T4 2025,Nacional
0.43,0.1721944887852483,T4 2025,Nacional
0.44,0.17848263699469252,T4 2025,Nacional
0.45,0.18488342422064258,T4 2025,Nacional
0.46,0.19148008861195837,T4 2025,Nacional
0.47000000000000003,0.19817790379025035,T4 2025,Nacional
0.48,0.20497040929144755,T4 2025,Nacional
0.49,0.21188069860797712,T4 2025,Nacional
0.5,0.2189203251311103,T4 2025,Nacional
0.51,0.2260883578841541,T4 2025,Nacional
0.52,0.23345629177442678,T4 2025,Nacional
0.53,0.24100634460362352,T4 2025,Nacional
0.54,0.24876374214136943,T4 2025,Nacional
0.55,0.2565922953044047,T4 2025,Nacional
0.56,0.2644642274057173,T4 2025,Nacional
0.5700000000000001,0.27259800614781954,T4 2025,Nacional
0.58,0.28091437193249935,T4 2025,Nacional
0.59,0.2893511176286848,T4 2025,Nacional
0.6,0.29800568466903565,T4 2025,Nacional
0.61,0.3068674077162291,T4 2025,Nacional
0.62,0.31591150264865353,T4 2025,Nacional
0.63,0.32509413009380944,T4 2025,Nacional
0.64,0.3344803029360633,T4 2025,Nacional
0.65,0.3438835120132833,T4 2025,Nacional
0.66,0.35358098684205735,T4 2025,Nacional
0.67,0.3634234465096858,T4 2025,Nacional
0.68,0.37348436615153857,T4 2025,Nacional
0.6900000000000001,0.38374188219942273,T4 2025,Nacional
0.7000000000000001,0.3941926371528804,T4 2025,Nacional
0.71,0.404854253178386,T4 2025,Nacional
0.72,0.41579820991198124,T4 2025,Nacional
0.73,0.42693885049154445,T4 2025,Nacional
0.74,0.43838145889319285,T4 2025,Nacional
0.75,0.4500922387429033,T4 2025,Nacional
0.76,0.4620523433670275,T4 2025,Nacional
0.77,0.4744926026609527,T4 2025,Nacional
0.78,0.48721385425585023,T4 2025,Nacional
0.79,0.5004105533568879,T4 2025,Nacional
0.8,0.5139977355616284,T4 2025,Nacional
0.81,0.5280729159559002,T4 2025,Nacional
0.8200000000000001,0.5425524739191115,T4 2025,Nacional
0.8300000000000001,0.557592906106421,T4 2025,Nacional
0.84,0.5731180495122278,T4 2025,Nacional
0.85,0.5888157255199269,T4 2025,Nacional
0.86,0.6051175239415002,T4 2025,Nacional
0.87,0.6221718622766734,T4 2025,Nacional
0.88,0.6398902698644565,T4 2025,Nacional
0.89,0.6584045357033473,T4 2025,Nacional
0.9,0.6775621974941308,T4 2025,Nacional
0.91,0.6976289866344506,T4 2025,Nacional
0.92,0.7189927003349595,T4 2025,Nacional
0.93,0.7419708206302136,T4 2025,Nacional
0.9400000000000001,0.7658674610667582,T4 2025,Nacional
0.9500000000000001,0.7911878845803505,T4 2025,Nacional
0.96,0.8186406898083961,T4 2025,Nacional
0.97,0.849310641838119,T4 2025,Nacional
0.98,0.8848570858831057,T4 2025,Nacional
0.99,0.9285347013136692,T4 2025,Nacional
1.0,1.0,T4 2025,Nacional
0.0,0.0,T4 2025,Corrientes
0.01,0.0011096219181384514,T4 2025,Corrientes
0.02,0.0030323658800486372,T4 2025,Corrientes
0.03,0.005118070873378853,T4 2025,Corrientes
0.04,0.007214875026226588,T4 2025,Corrientes
0.05,0.00950284676674297,T4 2025,Corrientes
0.06,0.01198742666917714,T4 2025,Corrientes
0.07,0.014720289993137752,T4 2025,Corrientes
0.08,0.017914599027928906,T4 2025,Corrientes
0.09,0.021276149142568163,T4 2025,Corrientes
0.1,0.024665563387426308,T4 2025,Corrientes
0.11,0.02806526800305838,T4 2025,Corrientes
0.12,0.031505533432921985,T4 2025,Corrientes
0.13,0.03525525930778691,T4 2025,Corrientes
0.14,0.039331532409207406,T4 2025,Corrientes
0.15,0.04360854327994455,T4 2025,Corrientes
0.16,0.04792639013887712,T4 2025,Corrientes
0.17,0.05244536460622137,T4 2025,Corrientes
0.18,0.057113128087888876,T4 2025,Corrientes
0.19,0.06188614642844757,T4 2025,Corrientes
0.2,0.0668710115954904,T4 2025,Corrientes
0.21,0.07196270803275348,T4 2025,Corrientes
0.22,0.07721965658736844,T4 2025,Corrientes
0.23,0.0825739675909468,T4 2025,Corrientes
0.24,0.08799792153846499,T4 2025,Corrientes
0.25,0.09350071779651874,T4 2025,Corrientes
0.26,0.09913438169355628,T4 2025,Corrientes
0.27,0.10482842747303531,T4 2025,Corrientes
0.28,0.11057817432948311,T4 2025,Corrientes
0.29,0.11644079773640607,T4 2025,Corrientes
0.3,0.12237866195974026,T4 2025,Corrientes
0.31,0.12847917842221923,T4 2025,Corrientes
0.32,0.13472009625367737,T4 2025,Corrientes
0.33,0.1411132923566024,T4 2025,Corrientes
0.34,0.14758119977729928,T4 2025,Corrientes
0.35000000000000003,0.1541817259012844,T4 2025,Corrientes
0.36,0.16088612057301047,T4 2025,Corrientes
0.37,0.16762629593223619,T4 2025,Corrientes
0.38,0.1744257711698001,T4 2025,Corrientes
0.39,0.18145664404096054,T4 2025,Corrientes
0.4,0.18861966940940597,T4 2025,Corrientes
0.41000000000000003,0.195913266264698,T4 2025,Corrientes
0.42,0.2034879399764128,T4 2025,Corrientes
0.43,0.21125843181871679,T4 2025,Corrientes
0.44,0.21905341674444398,T4 2025,Corrientes
0.45,0.22695849960075365,T4 2025,Corrientes
0.46,0.23500771171596316,T4 2025,Corrientes
0.47000000000000003,0.24314828554725817,T4 2025,Corrientes
0.48,0.25135714213356136,T4 2025,Corrientes
0.49,0.25965608333722634,T4 2025,Corrientes
0.5,0.2681052071146631,T4 2025,Corrientes
0.51,0.2766676629882136,T4 2025,Corrientes
0.52,0.28526891074748734,T4 2025,Corrientes
0.53,0.2940419281727356,T4 2025,Corrientes
0.54,0.3029575529618747,T4 2025,Corrientes
0.55,0.3119771791141058,T4 2025,Corrientes
0.56,0.32108233957067583,T4 2025,Corrientes
0.5700000000000001,0.3303634498551323,T4 2025,Corrientes
0.58,0.3396916869076232,T4 2025,Corrientes
0.59,0.3491166618649741,T4 2025,Corrientes
0.6,0.35883043005684756,T4 2025,Corrientes
0.61,0.3686159056359766,T4 2025,Corrientes
0.62,0.3786928737042702,T4 2025,Corrientes
0.63,0.3891970766967019,T4 2025,Corrientes
0.64,0.40004384221243866,T4 2025,Corrientes
0.65,0.4111219253934152,T4 2025,Corrientes
0.66,0.42240358981194065,T4 2025,Corrientes
0.67,0.4337010259803013,T4 2025,Corrientes
0.68,0.445038100003561,T4 2025,Corrientes
0.6900000000000001,0.4566145250498679,T4 2025,Corrientes
0.7000000000000001,0.46834816753348246,T4 2025,Corrientes
0.71,0.480233851455152,T4 2025,Corrientes
0.72,0.49229513034781136,T4 2025,Corrientes
0.73,0.5045620126550905,T4 2025,Corrientes
0.74,0.5169310604359693,T4 2025,Corrientes
0.75,0.5294662879666252,T4 2025,Corrientes
0.76,0.5421942607425364,T4 2025,Corrientes
0.77,0.555209663585535,T4 2025,Corrientes
0.78,0.5684993318447148,T4 2025,Corrientes
0.79,0.5821858487323347,T4 2025,Corrientes
0.8,0.5965556197789093,T4 2025,Corrientes
0.81,0.6110163380744109,T4 2025,Corrientes
0.8200000000000001,0.6256330742982736,T4 2025,Corrientes
0.8300000000000001,0.6405562684648002,T4 2025,Corrientes
0.84,0.6561455125081767,T4 2025,Corrientes
0.85,0.6720565947842946,T4 2025,Corrientes
0.86,0.688403203257611,T4 2025,Corrientes
0.87,0.7048972329687141,T4 2025,Corrientes
0.88,0.7216938321283373,T4 2025,Corrientes
0.89,0.7387766759280733,T4 2025,Corrientes
0.9,0.7565522215068935,T4 2025,Corrientes
0.91,0.7746281193762706,T4 2025,Corrientes
0.92,0.7932154019801055,T4 2025,Corrientes
0.93,0.8126366194131699,T4 2025,Corrientes
0.9400000000000001,0.8340974800741614,T4 2025,Corrientes
0.9500000000000001,0.8566108792516303,T4 2025,Corrientes
0.96,0.8792283034010062,T4 2025,Corrientes
0.97,0.9042308368810287,T4 2025,Corrientes
0.98,0.9308528376789361,T4 2025,Corrientes
0.99,0.960599254224357,T4 2025,Corrientes
1.0,1.0,T4 2025,Corrientes
