x_pob_acum_pct,diferencia_pct
0.0,0.0
0.01,-0.0006154236368862817
0.02,-0.0007122241913652045
0.03,-0.0010367303317458448
0.04,-0.001597904073098998
0.05,-0.0021558613983747536
0.06,-0.0028997493804983586
0.07,-0.0036395445068761172
0.08,-0.004089308781924535
0.09,-0.004511145756486819
0.1,-0.005022792106936378
0.11,-0.00568301341547808
0.12,-0.006429374938876922
0.13,-0.006960145403480264
0.14,-0.007280360995405084
0.15,-0.007524898700891854
0.16,-0.008065919985966563
0.17,-0.008583016854452064
0.18,-0.009047906887810361
0.19,-0.009533192242918778
0.2,-0.009874041657367896
0.21,-0.010261109672635715
0.22,-0.010559665179275993
0.23,-0.010923560856064551
0.24,-0.011364113757746985
0.25,-0.011797375207296942
0.26,-0.012126625651538409
0.27,-0.012437891487317526
0.28,-0.012808012826851498
0.29,-0.013124882050019757
0.3,-0.013410700443756751
0.31,-0.01358585851577046
0.32,-0.013662310275625061
0.33,-0.013655245927214149
0.34,-0.013644845375156811
0.35000000000000003,-0.013677389781704075
0.36,-0.01365472576108162
0.37,-0.013613476070104102
0.38,-0.013553891387708045
0.39,-0.013369858617577834
0.4,-0.013175977918136433
0.41000000000000003,-0.012890064764974785
0.42,-0.012374566685099841
0.43,-0.011787982387630541
0.44,-0.011255372801913632
0.45,-0.01075980095120424
0.46,-0.010171507687506215
0.47000000000000003,-0.009700380824494786
0.48,-0.009259249619832655
0.49,-0.008799564739430665
0.5,-0.008477570653634636
0.51,-0.008142473766584724
0.52,-0.007992590719991033
0.53,-0.007916346528120122
0.54,-0.007800371145569918
0.55,-0.007683800261077844
0.56,-0.00748272636591335
0.5700000000000001,-0.0071057026428625325
0.58,-0.006749541195511133
0.59,-0.006532810892238949
0.6,-0.0061876530989402045
0.61,-0.006190677210356876
0.62,-0.0060818761576062474
0.63,-0.005660907038097018
0.64,-0.004958536102105782
0.65,-0.00410604921630886
0.66,-0.0031623429772675293
0.67,-0.002407349402224812
0.68,-0.0018301536503089189
0.6900000000000001,-0.001168147591771307
0.7000000000000001,-0.00045280866382113594
0.71,0.00029527104950888283
0.72,0.0010230180340728423
0.73,0.001832802690969415
0.74,0.002604299535176824
0.75,0.003306082827346013
0.76,0.004161940188049829
0.77,0.005265257517816591
0.78,0.006434416370138085
0.79,0.007731981649884312
0.8,0.008849917462657508
0.81,0.009554948748614733
0.8200000000000001,0.010156518943139958
0.8300000000000001,0.010728952813744419
0.84,0.011574519956496832
0.85,0.0126454579636055
0.86,0.014108825234825706
0.87,0.015250421614276588
0.88,0.016002480825568433
0.89,0.016111257757179698
0.9,0.016624908576977737
0.91,0.01693511156365679
0.92,0.017001110917123752
0.93,0.0169537180251339
0.9400000000000001,0.017701832551235586
0.9500000000000001,0.018033970551158962
0.96,0.016103999422856674
0.97,0.014697893693706776
0.98,0.012238289955574744
0.99,0.007625327398678383
1.0,0.0
